{"cameraMode":{"drawMode":0,"name":"Shaded","section":"Shading Mode"},"sceneLighting":true,"audioPlay":false,"sceneViewState":{"m_AlwaysRefresh":false,"showFog":true,"showSkybox":true,"showFlares":true,"showImageEffects":true,"showParticleSystems":true,"showVisualEffectGraphs":true,"m_FxEnabled":false},"in2DMode":false,"pivot":{"x":0.09808139503002167,"y":1.0733871459960938,"z":-0.20618075132369996},"rotation":{"x":-0.7060158252716065,"y":0.0006035616970621049,"z":-0.0006770982872694731,"w":-0.7082455158233643},"size":17.570837020874025,"orthographic":false}